USE bd_gesateped;

DELETE FROM `tb_actividad` WHERE num_proc > 0;
DELETE FROM `tb_proceso` WHERE num_proc > 0;
DELETE FROM `tb_detalle_hoja_ruta` WHERE cod_hoj_rut <> 'X';
DELETE FROM `tb_hoja_ruta` WHERE cod_hoj_rut <> 'X';
DELETE FROM `tb_detalle_pedido` WHERE cod_ped <> 'X';
DELETE FROM `tb_pedido` WHERE cod_ped <> 'X';
DELETE FROM `tb_cliente` WHERE cod_cli <> 'X';
DELETE FROM `tb_tienda` WHERE cod_tiend <> 'X';
DELETE FROM `tb_controller_tienda` WHERE cod_contr_tiend <> 'X';
DELETE FROM `tb_unidad_chofer` WHERE cod_unid_chof <> 'X';
DELETE FROM `tb_chofer` WHERE num_brev_chof <> 'X';
DELETE FROM `tb_unidad` WHERE num_plac_unid <> 'X';
DELETE FROM `tb_tipo_unidad` WHERE cod_tip_unid <> 'X';
DELETE FROM `tb_proveedor` WHERE cod_prv <> 'X';
DELETE FROM `tb_bodega_zona` WHERE cod_bod <> 'X';
DELETE FROM `tb_kardex` WHERE cod_bod <> 'X';
DELETE FROM `tb_bodega` WHERE cod_bod <> 'X';
DELETE FROM `tb_producto` WHERE cod_prod <> 'X';
DELETE FROM `tb_tipo_producto` WHERE cod_tip_prod <> 'X';
DELETE FROM `tb_familia_producto` WHERE cod_fam_prod <> 'X';
DELETE FROM `tb_ventana_horaria` WHERE cod_vent_hor <> 'X';
DELETE FROM `tb_motivo_pedido` WHERE cod_mot_ped <> 'X';
DELETE FROM `tb_distrito` WHERE cod_dist <> 'X';
DELETE FROM `tb_zona` WHERE cod_zon <> 'X';
DELETE FROM `tb_provincia` WHERE cod_prov <> 'X';
DELETE FROM `tb_departamento` WHERE cod_dep <> 'X';
DELETE FROM `tb_parametro` WHERE cod_param > 0;

INSERT INTO `tb_parametro` VALUES (1,'HOR_EJEC_PROC','Hora de ejecucion de proceso batch','18:00'),(2,'HOR_SAL_UNID_BOD','Hora de salida de unidades de la bodega','08:00'),(3,'TIEMP_PROM_DESP','Tiempo promedio de despacho en minutos','30'),(4,'FACT_PES_CARG','Factor de peso de carga','0.80'),(5,'FACT_VOL_CARG','Factor de volumen de carga','0.80'),(6,'RUT_GEN_HOJ_RUT','Ruta de generación de hoja de ruta','D:/Sodimac/HojaRuta'),(7,'FACT_STOCK_MIN','Factor de stock mínimo de productos','0.20');
INSERT INTO `tb_departamento` VALUES ('DEP0000001','Lima');
INSERT INTO `tb_provincia` VALUES ('PROV000001','Lima','DEP0000001');
INSERT INTO `tb_zona` VALUES ('ZON0000006','Callao'),('ZON0000003','Lima Centro'),('ZON0000002','Lima Este'),('ZON0000004','Lima Moderna'),('ZON0000001','Lima Norte'),('ZON0000005','Lima Sur');
INSERT INTO `tb_distrito` VALUES ('DIST000001','Ancón','PROV000001','ZON0000001'),('DIST000002','Ate','PROV000001','ZON0000002'),('DIST000003','Barranco','PROV000001','ZON0000004'),('DIST000004','Breña','PROV000001','ZON0000003'),('DIST000005','Carabayllo','PROV000001','ZON0000001'),('DIST000006','Chaclacayo','PROV000001','ZON0000002'),('DIST000007','Chorrillos','PROV000001','ZON0000005'),('DIST000008','Cieneguilla','PROV000001','ZON0000002'),('DIST000009','Comas','PROV000001','ZON0000001'),('DIST000010','El Agustino','PROV000001','ZON0000002'),('DIST000011','Independencia','PROV000001','ZON0000001'),('DIST000012','Jesús María','PROV000001','ZON0000004'),('DIST000013','La Molina','PROV000001','ZON0000004'),('DIST000014','La Victoria','PROV000001','ZON0000003'),('DIST000015','Lince','PROV000001','ZON0000004'),('DIST000016','Los Olivos','PROV000001','ZON0000001'),('DIST000017','Chosica','PROV000001','ZON0000002'),('DIST000018','Lurín','PROV000001','ZON0000005'),('DIST000019','Magdalena del Mar','PROV000001','ZON0000004'),('DIST000020','Miraflores','PROV000001','ZON0000004'),('DIST000021','Pachacamac','PROV000001','ZON0000005'),('DIST000022','Pucusana','PROV000001','ZON0000005'),('DIST000023','Pueblo Libre','PROV000001','ZON0000004'),('DIST000024','Puente Piedra','PROV000001','ZON0000001'),('DIST000025','Punta Hermosa','PROV000001','ZON0000005'),('DIST000026','Punta Negra','PROV000001','ZON0000005'),('DIST000027','Rímac','PROV000001','ZON0000003'),('DIST000028','San Bartolo','PROV000001','ZON0000005'),('DIST000029','San Borja','PROV000001','ZON0000004'),('DIST000030','San Isidro','PROV000001','ZON0000004'),('DIST000031','San Juan de Lurigancho','PROV000001','ZON0000002'),('DIST000032','San Juan de Miraflores','PROV000001','ZON0000005'),('DIST000033','San Luis','PROV000001','ZON0000003'),('DIST000034','San Martin de Porres','PROV000001','ZON0000001'),('DIST000035','San Miguel','PROV000001','ZON0000004'),('DIST000036','Santa Anita','PROV000001','ZON0000002'),('DIST000037','Santa María del Mar','PROV000001','ZON0000005'),('DIST000038','Santa Rosa','PROV000001','ZON0000001'),('DIST000039','Santiago de Surco','PROV000001','ZON0000004'),('DIST000040','Surquillo','PROV000001','ZON0000004'),('DIST000041','Villa El Salvador','PROV000001','ZON0000005'),('DIST000042','Villa María Del Triunfo','PROV000001','ZON0000005'),('DIST000043','Ventanilla','PROV000001','ZON0000003'),('DIST000044','La Punta','PROV000001','ZON0000006'),('DIST000045','Carmen de la Legua Reynoso','PROV000001','ZON0000006'),('DIST000046','Bellavista','PROV000001','ZON0000006'),('DIST000047','Callao','PROV000001','ZON0000006'),('DIST000048','La Perla','PROV000001','ZON0000006'),('DIST000049','Mi Perú','PROV000001','ZON0000006'),('DIST000050','Cercado de Lima','PROV000001','ZON0000003');
INSERT INTO `tb_motivo_pedido` VALUES ('MPE0000001','Reprogramación a solicitud del cliente','REPR'),('MPE0000002','Incumplimiento de entrega','REPR'),('MPE0000003','Intercambio de productos defectuosos','REPR'),('MPE0000004','Cancelación a solicitud del cliente','CANC'),('MPE0000005','Incumplimiento de entrega','CANC'),('MPE0000006','Productos defectuosos','CANC'),('MPE0000007','Cliente no se encuentra en domicilio','NCUM');
INSERT INTO `tb_ventana_horaria` VALUES ('VHL0000001','08:00','12:00','LOC',1),('VHL0000002','13:00','17:00','LOC',1),('VHL0000003','17:00','21:00','LOC',1);
INSERT INTO `tb_familia_producto` VALUES ('FPR0000001','Construcción y Acabados'),('FPR0000002','Herramientas y Maquinarias'),('FPR0000003','Gasfitería y Electricidad'),('FPR0000004','Electrohogar, Baño y Cocina'),('FPR0000005','Calefacción y Ventilación'),('FPR0000006','Muebles y Decoración'),('FPR0000007','Organización y Limpieza'),('FPR0000008','Tecnología y Seguridad'),('FPR0000009','Automóvil'),('FPR0000010','Aire Libre y Jardín');
INSERT INTO `tb_tipo_producto` VALUES ('TPR0000001','Materiales de Construcción','FPR0000001'),('TPR0000002','Puertas, Ventanas y Cerraduras','FPR0000001'),('TPR0000003','Pisos y Acabados','FPR0000001'),('TPR0000004','Pinturas','FPR0000001'),('TPR0000005','Fijaciones y Adhesivos','FPR0000001'),('TPR0000006','Herramientas Eléctricas','FPR0000002'),('TPR0000007','Herramientas Manuales','FPR0000002'),('TPR0000008','Herramientas Mecánicas','FPR0000002'),('TPR0000009','Herramientas para Construcción','FPR0000002'),('TPR0000010','Herramientas por Especialidad','FPR0000002'),('TPR0000011','Grupo Electrógeno','FPR0000002'),('TPR0000012','Soldaduras y Complementos','FPR0000002'),('TPR0000013','Electricidad','FPR0000003'),('TPR0000014','Iluminación','FPR0000003'),('TPR0000015','Gasfitería','FPR0000003'),('TPR0000016','Baño','FPR0000004'),('TPR0000017','Cocina','FPR0000004'),('TPR0000018','Electrohogar','FPR0000004'),('TPR0000019','Calefacción','FPR0000005'),('TPR0000020','Ventilación','FPR0000005'),('TPR0000021','Muebles','FPR0000006'),('TPR0000022','Decoración','FPR0000006'),('TPR0000023','Menaje','FPR0000006'),('TPR0000024','Mundo Infantil','FPR0000006'),('TPR0000025','Mundo Bebé','FPR0000006'),('TPR0000026','Organizadores','FPR0000007'),('TPR0000027','Mudanza','FPR0000007'),('TPR0000028','Limpieza','FPR0000007'),('TPR0000029','Tecnología','FPR0000008'),('TPR0000030','Seguridad','FPR0000008'),('TPR0000031','Accesorios de Exterior para Autos','FPR0000009'),('TPR0000032','Accesorios de Interior para Autos','FPR0000009'),('TPR0000033','Aceites, Agua y Lubricantes para Autos','FPR0000009'),('TPR0000034','Amarres, Eslingas y Pulpos','FPR0000009'),('TPR0000035','Audio y Video para Autos','FPR0000009'),('TPR0000036','Batería para Autos y Accesorios','FPR0000009'),('TPR0000037','Herramientas y Equipos para Taller Mecánico','FPR0000009'),('TPR0000038','Terrazas','FPR0000010'),('TPR0000039','Jardín','FPR0000010'),('TPR0000040','Parrillas','FPR0000010'),('TPR0000041','Climatización Exterior','FPR0000010'),('TPR0000042','Iluminación Exterior','FPR0000010'),('TPR0000043','Camping y Deportes','FPR0000010'),('TPR0000044','Juegos y Recreación','FPR0000010'),('TPR0000045','Alimentos y Accesorios para Mascotas','FPR0000010'),('TPR0000046','Piscinas e Inflables','FPR0000010');
INSERT INTO `tb_producto` VALUES ('SKU123024-7','Rowa press 30','Rowa',4019.00,0.005000,6.00,'TPR0000024'),('SKU135154-0','Tractor LTH1842 18HP','Husqvarna',9999.90,0.150000,185.00,'TPR0000006'),('SKU157217-2','Tanque 25000 L','Rotoplas',22599.90,25.000000,400.00,'TPR0000015'),('SKU184460-1','Trompo Mezclador con Motor Kohler','Maker',4799.00,0.135000,225.00,'TPR0000009'),('SKU186193-X','Carretilla 5.5 Pies Cúbicos','Badacc',199.90,0.155700,20.00,'TPR0000009'),('SKU204759-4','Grupo Electrógeno Gasolina 7.2 KVA','Yamaha',6899.90,0.008500,94.00,'TPR0000011'),('SKU205201-6','Colchón Royal Prince Organic King','Paraíso',2109.00,0.010000,5.00,'TPR0000021'),('SKU221909-3','Cortador de Concreto 13 HP','Bosch',3499.90,0.057800,195.00,'TPR0000009'),('SKU224538-8','Horno microondas 20L OGKE2701','Oster',209.00,0.006500,4.00,'TPR0000018'),('SKU226800-0','Caja de Herramienta 2 en 1','Bauker',129.90,0.003500,2.00,'TPR0000007'),('SKU228298-4','Piedra Rumi 60.96x30x48cm 1.11m2','Gallos Mármol',212.12,0.012500,5.00,'TPR0000003'),('SKU234330-4','Vinera 12 botellas WZC12AEPWX','Whirlpool',299.00,0.015000,12.00,'TPR0000018'),('SKU243076-2','Puerta Granada Tornillo 85 cm','Dimfer',799.90,0.011000,25.00,'TPR0000002'),('SKU247198-1','Refrigeradora 600L RF28JBEDBSG','Samsung',6499.00,0.630000,173.00,'TPR0000018'),('SKU254078-9','Cocina a gas 5 quemadores PRO565','Bosch',2399.00,0.318000,50.00,'TPR0000018'),('SKU254274-9','Seccional Bellagio blanco','Producto Exclusivo',1699.90,0.034500,46.00,'TPR0000021'),('SKU260978-9','Dormitorio Daguvas 2 plazas','El Cisne',1699.00,0.015200,34.00,'TPR0000021'),('SKU263525-9','Refrigeradora Instaview 697LT NT GM87SXD','LG',6699.00,0.630000,163.00,'TPR0000018'),('SKU264890-3','Lavaseca F2011VRDS 20/11 Kg','LG',3899.00,0.518000,102.00,'TPR0000018'),('SKU267241-3','Televisor Smart LED Ultra HD 50\'\' UN50MU6103GXPE','Samsung',1599.00,0.004500,13.00,'TPR0000018'),('SKU8285-6','Techo de Polipropileno Tejaforte Rojo 1.15 x 0.76 m','Fibraforte',180.00,0.016500,3.00,'TPR0000001');
INSERT INTO `tb_bodega` VALUES ('BOD0000001','Bodega Lurín','Almacen Sodimac','hbravocoronel@gmail.com','DIST000018'),('NOD0000002','Nodo San Miguel','Av. de la Marina 2355','hbravocoronel@gmail.com','DIST000035'),('NOD0000003','Nodo Angamos','Av. Tomás Marsano 961','hbravocoronel@gmail.com','DIST000040');
INSERT INTO `tb_bodega_zona` VALUES ('BOD0000001','ZON0000001'),('BOD0000001','ZON0000002'),('BOD0000001','ZON0000003'),('BOD0000001','ZON0000004'),('NOD0000002','ZON0000004'),('BOD0000001','ZON0000005'),('NOD0000003','ZON0000005'),('BOD0000001','ZON0000006');
INSERT INTO `tb_proveedor` VALUES ('PRV0000001','Transportes Parinas S.A.C.','10406048417','3375519','transparina@gmail.com','UNID'),('PRV0000002','A y D Transportes','10337099223','4642514','aydtransporte@gmail.com','UNID'),('PRV0000003','Transporte Wili Puerta','10294433112','3613388','wilipuerta@gmail.com','UNID'),('PRV0000004','Mabe','10293849388','4383949','mabe@gmail.com','MERC'),('PRV0000005','LG','10939948299','4837849','lg@gmail.com','MERC'),('PRV0000006','Samsung','10939984822','5848389','samsung@gmail.com','MERC');
INSERT INTO `tb_tipo_unidad` VALUES ('TUN0000001','Camioneta Luv',1000.00,5.00),('TUN0000002','Miniturbo',2000.00,12.00),('TUN0000003','Turbo',4500.00,18.00),('TUN0000004','Sencillo',8000.00,32.00);
INSERT INTO `tb_unidad` VALUES ('A3N-877','Axor 1933 S 36','Mercedes','02-21589920-4',1,'TUN0000001','PRV0000002'),('A3W-886','Ford Cargo 920','Ford','05-22443311-4',1,'TUN0000004','PRV0000001'),('A4S-923','Volkswagen 15270 Q','Volkswagen','04-76121122-6',1,'TUN0000003','PRV0000001'),('A5F-746','Volvo VM20','Volvo','13-72335591-3',1,'TUN0000001','PRV0000001'),('A7V-510','Scania G 420','Scania','01-01563361-8',1,'TUN0000004','PRV0000002'),('EFH-147','Volkswagen 13170 E','Volkswagen','09-02205309-2',1,'TUN0000004','PRV0000002'),('RIH-166','Volvo VM17','Volvo','05-31221477-9',1,'TUN0000004','PRV0000002'),('W1X-547','Ford Cargo 916','Ford','03-71234499-9',1,'TUN0000004','PRV0000002');
INSERT INTO `tb_chofer` VALUES ('Q22390922','Lorenzo','Meza Martinez','923311939','lmeza@gmail.com',1,'PRV0000001'),('Q30221825','Joycer','Cayllahua Roe','984702760','carlogermanb@gmail.com',1,'PRV0000002'),('Q33401077','Michael','Juape Montoya','994657387','mmontoya@gmail.com',1,'PRV0000001'),('Q40723053','Juan','Carrillo Fernandez','962329330','hbravocoronel@gmail.com',1,'PRV0000002'),('Q55121522','Edgar','Rosales Jurado','980903374','lisbethma20@gmail.com',1,'PRV0000002'),('Q71436309','Orlando','Montes Garay','941455441','obonarriva@gmail.com',1,'PRV0000002'),('Q76281109','José','Lino Laos','942209885','jlinolaos@gmail.com',1,'PRV0000001'),('Q99221165','Marcos','Suarez Rodriguez','992504328','rmunozdev@gmail.com',1,'PRV0000002');
INSERT INTO `tb_unidad_chofer` VALUES ('UCH0000001','BOD0000001','A3N-877','Q30221825','2018-06-01 10:20:30'),('UCH0000002','BOD0000001','A7V-510','Q40723053','2018-06-01 10:20:30'),('UCH0000003','BOD0000001','EFH-147','Q55121522','2018-06-01 10:20:30'),('UCH0000004','BOD0000001','RIH-166','Q71436309','2018-06-01 10:20:30'),('UCH0000005','BOD0000001','W1X-547','Q99221165','2018-06-01 10:20:30'),('UCH0000006','BOD0000001','A3W-886','Q22390922','2018-06-01 10:20:30'),('UCH0000007','BOD0000001','A4S-923','Q33401077','2018-06-01 10:20:30'),('UCH0000008','NOD0000002','A5F-746','Q76281109','2018-06-01 10:20:30');
INSERT INTO `tb_controller_tienda` VALUES ('CTI0000001','Silvia','Kcomt Li','962329330','hbravocoronel@gmail.com'),('CTI0000002','Pedro','Huanco Molina','957483959','pedrohuanc23@gmail.com'),('CTI0000003','Karen','Aguilar Avila','958478389','karenagui374@gmail.com'),('CTI0000004','Lorenzo','Giraldo Coronel','948583758','lorenzo375@gmail.com'),('CTI0000005','Ronaldo','Rosales Jurado','932336377','ronald758@gmail.com');
INSERT INTO `tb_tienda` VALUES ('TIE0000001','Tienda Mega Plaza','Av. Industrial 3515 Urb. Auxiliar Panamericana Nte.','CTI0000001','DIST000011'),('TIE0000002','Tienda Angamos','Av Tomás Marsano 961','CTI0000002','DIST000040'),('TIE0000003','Tienda Atocongo','Av. Circunvalación 1803','CTI0000003','DIST000032'),('TIE0000004','Tienda Bellavista','Av. Oscar R. Benavides 3866','CTI0000004','DIST000046'),('TIE0000005','Tienda Jockey Plaza','Av. Javier Prado Este 4200','CTI0000005','DIST000039');
INSERT INTO `tb_cliente` VALUES ('CLI0000001','Harry','Bravo Coronel','40604841','962329330','hbravocoronel@gmail.com','Calle Sara Sara 157','DIST000035'),('CLI0000002','Omar','Bonarriva Tenorio','40395894','941455441','obonarriva@gmai.com','Av. Alameda del Corregidor 1590','DIST000013'),('CLI0000003','Roberto','Martinez Rivas','56895900','980903374','rmunozdev@gmail.com','Calle Monte Bello 150','DIST000039'),('CLI0000004','Nataly','Mercedes Fuentes','34568938','957484939','cloclo1683@gmail.com','Av. Javier Prado Este 6596','DIST000013'),('CLI0000005','Moises','Milano Cespedes','45883958','985738847','carlob28@gmail.com','Av. San Borja Nte. 886','DIST000029'),('CLI0000006','Melissa','Fernandez Gonzales','57738590','948577488','meli57@gmail.com','Av. Universitaria 1921','DIST000023'),('CLI0000007','Sandra','Mendoza Gil','47264774','958599480','sandrmend@gmail.com','Av. de la Marina 2500','DIST000035'),('CLI0000008','Pedro','Meza Cachique','58673990','984883758','pedromar@gmail.com','Calle Los Laureles 587','DIST000030'),('CLI0000009','Juan','Gil Lazaro','48489361','994994985','jgillazaro@gmail.com','Calle Francisco Masias 370','DIST000030'),('CLI0000010','Monica','Pasapera Linch','86940384','929384858','monipasapera@gmail.com','Av. Alfredo Mendiola 5500','DIST000016'),('CLI0000011','Edgar','Rosales Jurado','74883883','958859499','edgarjurado@gmail.com','Av. Javier Prado Este 2050','DIST000029'),('CLI0000012','Lidia','Ramos Laos','48838883','948499489','lidiaramos@gmail.com','Av. Gral. Salaverry 2255','DIST000030'),('CLI0000013','Marcos','Meza Morales','49495828','984884738','marcosmeza@gmail.com','Av. de la Marina 2000','DIST000035'),('CLI0000014','Lisardo','Garate Coronel','38488484','948857284','lisardogarate@gmail.com','Av. Nicolás de Ayllón 3012','DIST000036'),('CLI0000015','Selena','Aguilar Urbina','39929488','926473784','selenaaguilar@gmail.com','Av. Rep. de Venezuela 2379','DIST000046'),('CLI0000016','Renzo','Paredes Klu','74783883','947738621','renzoparedes@gmail.com','Av. Gral. Salaverry 2020','DIST000012'),('CLI0000017','Karin','Ramos Peralta','88838477','984663721','karinramos@gmail.com','Av. Rep. de Venezuela 5415','DIST000035'),('CLI0000018','Olga','Elera Mezones','84884938','977384828','olgaelera@gmail.com','Avenida Benavides 495','DIST000020'),('CLI0000019','Luis','Romario Meza','93884727','988377261','luisromario@gmail.com','Av. Arequipa 4651','DIST000020'),('CLI0000020','Roxana','Delgado Delgado','88377482','988475555','roxanadelgado@gmail.com','Jirón Junin 355','DIST000020'),('CLI0000021','Karina','Romario Paredes','93884883','994839948','karinaroma@gmail.com','Av. Rafael Escardo 309','DIST000035'),('CLI0000022','Rolando','Martinez Manrique','94884988','839883783','rolandmanrique@gmail.com','Av. Separadora Industrial 791','DIST000002'),('CLI0000023','Lorenzo','Puquio Lamas','93998593','984993882','lorenzolamas@gmail.com','Av. Las Leyendas 580','DIST000035'),('CLI0000024','Luisa','Salas Mezones','99399849','929383892','luisasalas@gmail.com','Calle Las Begonias 577','DIST000030'),('CLI0000025','Paola','Ascacibar Coronel','83948939','847758477','paosasca@gmail.com','Calle las Camelias 530','DIST000030'),('CLI0000026','Roberto','Egustiza Polanski','87377288','928839381','robertpolan@gmail.com','Av. Tupac Amaru 280','DIST000050'),('CLI0000027','Iris','Loza Hernandez','83847729','983862626','irisloza@gmail.com','Av. Riva Agüero 114','DIST000050'),('CLI0000028','Henry','Longa Jimenez','73626672','938272778','henrylonga@gmail.com','Av. Nicolás de Ayllón 4706','DIST000050'),('CLI0000029','Vanessa','Blas Cayllahua','87382900','949299484','vane2838@gmail.com','Manuel Ascencio Segura 268','DIST000015'),('CLI0000030','Patty','Arias Velasquez','37473888','948588493','pattyarias@gmail.com','Av. Petit Thouars 1370','DIST000050'),('CLI0000031','Rossmery','Bonaz Blas','84883900','988583778','rossmeryblas@gmail.com','Av. de la Marina 2500','DIST000035'),('CLI0000032','María','Zuñiga Gil','93837474','847838838','marizuniga@gmail.com','Ignacio Mariategui 105','DIST000003'),('CLI0000033','Maritza','Ponce Larco','89848377','988466378','maritzalarco@gmail.com','Av. Antonio José de Sucre 175','DIST000019'),('CLI0000034','Pedro','Armendariz Loayza','99488377','857748839','pedroarmendariz@gmail.com','Av. Universitaria 1921','DIST000023'),('CLI0000035','Luisa','Lamas Ruiz','95884937','995884773','luisalamas@gmail.com','Av. Gral. Salaverry 2370','DIST000012'),('CLI0000036','Renzo','Gallardo Durán','94985938','994884893','renzogallardo@gmail.com','Av. Las Leyendas 580','DIST000035');
INSERT INTO `tb_pedido` VALUES ('PED0000001','CLI0000001',NULL,'2018-07-16 11:58:44',88939,'2018-07-16 11:58:44',23475,'2018-07-21','Calle Sara Sara 157','DIST000035',NULL,NULL,NULL,NULL,NULL,NULL,NULL,NULL),('PED0000002','CLI0000002',NULL,'2018-07-16 11:58:44',78385,'2018-07-16 11:58:44',84995,'2018-07-21','Av. Alameda del Corregidor 1590','DIST000013',NULL,NULL,NULL,NULL,NULL,NULL,NULL,NULL),('PED0000003','CLI0000003',NULL,'2018-07-16 11:58:44',63628,'2018-07-16 11:58:44',97959,'2018-07-21','Calle Monte Bello 150','DIST000039',NULL,NULL,NULL,NULL,NULL,NULL,NULL,NULL),('PED0000004','CLI0000004',NULL,'2018-07-16 11:58:44',86937,'2018-07-16 11:58:44',39958,'2018-07-21','Av. Javier Prado Este 6596','DIST000013',NULL,NULL,NULL,NULL,NULL,NULL,NULL,NULL),('PED0000005','CLI0000005',NULL,'2018-07-16 11:58:44',19384,'2018-07-16 11:58:44',82849,'2018-07-21','Av. San Borja Nte. 886','DIST000029',NULL,NULL,NULL,NULL,NULL,NULL,NULL,NULL),('PED0000006','CLI0000006',NULL,'2018-07-16 11:58:44',84758,'2018-07-16 11:58:44',96984,'2018-07-21','Av. Universitaria 1921','DIST000023',NULL,NULL,NULL,NULL,NULL,NULL,NULL,NULL),('PED0000007','CLI0000007',NULL,'2018-07-16 11:58:44',92564,'2018-07-16 11:58:44',49948,'2018-07-21','Av. de la Marina 2500','DIST000035',NULL,NULL,NULL,NULL,NULL,NULL,NULL,NULL),('PED0000008','CLI0000008',NULL,'2018-07-16 11:58:44',88367,'2018-07-16 11:58:44',69394,'2018-07-21','Calle Los Laureles 587','DIST000030',NULL,NULL,NULL,NULL,NULL,NULL,NULL,NULL),('PED0000009','CLI0000009',NULL,'2018-07-16 11:58:44',99584,'2018-07-16 11:58:44',83885,'2018-07-21','Calle Francisco Masias 370','DIST000030',NULL,NULL,NULL,NULL,NULL,NULL,NULL,NULL),('PED0000010','CLI0000010',NULL,'2018-07-16 11:58:44',54255,'2018-07-16 11:58:44',58594,'2018-07-21','Av. Alfredo Mendiola 5500','DIST000016',NULL,NULL,NULL,NULL,NULL,NULL,NULL,NULL),('PED0000011','CLI0000011',NULL,'2018-07-16 11:58:44',44543,'2018-07-16 11:58:44',54343,'2018-07-21','Av. Javier Prado Este 2050','DIST000029',NULL,NULL,NULL,NULL,NULL,NULL,NULL,NULL),('PED0000012','CLI0000012',NULL,'2018-07-16 11:58:44',45465,'2018-07-16 11:58:44',56544,'2018-07-21','Av. Gral. Salaverry 2255','DIST000030',NULL,NULL,NULL,NULL,NULL,NULL,NULL,NULL),('PED0000013','CLI0000013',NULL,'2018-07-16 11:58:44',43344,'2018-07-16 11:58:44',46777,'2018-07-21','Av. de la Marina 2000','DIST000035',NULL,NULL,NULL,NULL,NULL,NULL,NULL,NULL),('PED0000014','CLI0000014',NULL,'2018-07-16 11:58:44',67788,'2018-07-16 11:58:44',78865,'2018-07-21','Av. Nicolás de Ayllón 3012','DIST000036',NULL,NULL,NULL,NULL,NULL,NULL,NULL,NULL),('PED0000015','CLI0000015',NULL,'2018-07-16 11:58:44',99899,'2018-07-16 11:58:44',99887,'2018-07-21','Av. Rep. de Venezuela 2379','DIST000046',NULL,NULL,NULL,NULL,NULL,NULL,NULL,NULL),('PED0000016',NULL,'TIE0000001','2018-07-16 11:58:44',NULL,'2018-07-16 11:58:44',47738,'2018-07-21','Av. Industrial 3515 Urb. Auxiliar Panamericana Nte.','DIST000011',NULL,NULL,NULL,NULL,NULL,NULL,NULL,NULL),('PED0000017',NULL,'TIE0000002','2018-07-16 11:58:44',NULL,'2018-07-16 11:58:44',95884,'2018-07-21','Av Tomás Marsano 961','DIST000040',NULL,NULL,NULL,NULL,NULL,NULL,NULL,NULL),('PED0000018',NULL,'TIE0000003','2018-07-16 11:58:44',NULL,'2018-07-16 11:58:44',95995,'2018-07-21','Av. Circunvalación 1803','DIST000032',NULL,NULL,NULL,NULL,NULL,NULL,NULL,NULL),('PED0000019',NULL,'TIE0000004','2018-07-16 11:58:44',NULL,'2018-07-16 11:58:44',78844,'2018-07-21','Av. Oscar R. Benavides 3866','DIST000046',NULL,NULL,NULL,NULL,NULL,NULL,NULL,NULL),('PED0000020',NULL,'TIE0000005','2018-07-16 11:58:44',NULL,'2018-07-16 11:58:44',82516,'2018-07-21','Av. Javier Prado Este 4200','DIST000039',NULL,NULL,NULL,NULL,NULL,NULL,NULL,NULL),('PED0000021','CLI0000018',NULL,'2018-07-16 11:58:44',77483,'2018-07-16 11:58:44',27362,'2018-07-17','Avenida Benavides 495','DIST000020',NULL,NULL,'2018-07-21',NULL,NULL,NULL,'MPE0000001',NULL),('PED0000022','CLI0000019',NULL,'2018-07-16 11:58:44',89473,'2018-07-16 11:58:44',32837,'2018-07-17','Av. Arequipa 4651','DIST000020',NULL,NULL,'2018-07-21',NULL,NULL,NULL,'MPE0000002',NULL),('PED0000023','CLI0000020',NULL,'2018-07-16 11:58:44',95838,'2018-07-16 11:58:44',58484,'2018-07-17','Jirón Junin 355','DIST000020',NULL,NULL,'2018-07-21',NULL,'2018-07-21',NULL,'MPE0000003',NULL),('PED0000024','CLI0000021',NULL,'2018-07-16 11:58:44',83847,'2018-07-16 11:58:44',22322,'2018-07-17','Av. Rafael Escardo 309','DIST000035',NULL,NULL,'2018-07-21',NULL,'2018-07-21',NULL,'MPE0000003',NULL),('PED0000025','CLI0000022',NULL,'2018-07-16 11:58:44',44533,'2018-07-16 11:58:44',56332,'2018-07-21','Av. Separadora Industrial 791','DIST000002',NULL,NULL,'2018-07-24',NULL,NULL,NULL,'MPE0000001',NULL),('PED0000026','CLI0000023',NULL,'2018-07-16 11:58:44',43434,'2018-07-16 11:58:44',44532,'2018-07-21','Av. Las Leyendas 580','DIST000035',NULL,NULL,'2018-07-24',NULL,NULL,NULL,'MPE0000001',NULL),('PED0000027','CLI0000024',NULL,'2018-07-16 11:58:44',55656,'2018-07-16 11:58:44',45453,'2018-07-21','Calle Las Begonias 577','DIST000030',NULL,NULL,NULL,'2018-07-18 11:58:45',NULL,NULL,'MPE0000004',NULL),('PED0000028','CLI0000025',NULL,'2018-07-16 11:58:44',34343,'2018-07-16 11:58:44',43222,'2018-07-21','Calle las Camelias 530','DIST000030',NULL,NULL,NULL,'2018-07-18 11:58:45',NULL,NULL,'MPE0000004',NULL),('PED0000029','CLI0000026',NULL,'2018-07-16 11:58:44',34322,'2018-07-16 11:58:44',34399,'2018-07-17','Av. Tupac Amaru 280','DIST000050',NULL,NULL,NULL,'2018-07-18 11:58:45','2018-07-21',NULL,'MPE0000004',NULL),('PED0000030','CLI0000027',NULL,'2018-07-16 11:58:44',58837,'2018-07-16 11:58:44',12213,'2018-07-17','Av. Riva Agüero 114','DIST000050',NULL,NULL,NULL,'2018-07-18 11:58:45','2018-07-21',NULL,'MPE0000004',NULL),('PED0000031','CLI0000028',NULL,'2018-07-16 11:58:44',78864,'2018-07-16 11:58:44',53324,'2018-07-17','Av. Nicolás de Ayllón 4706','DIST000050',NULL,NULL,NULL,'2018-07-18 11:58:45','2018-07-21',NULL,'MPE0000006',NULL),('PED0000032','CLI0000029',NULL,'2018-07-16 11:58:44',43323,'2018-07-16 11:58:44',35522,'2018-07-17','Manuel Ascencio Segura 268','DIST000015',NULL,NULL,NULL,'2018-07-18 11:58:45','2018-07-21',NULL,'MPE0000006',NULL),('PED0000033','CLI0000030',NULL,'2018-07-16 11:58:44',45345,'2018-07-16 11:58:44',66654,'2018-07-17','Av. Petit Thouars 1370','DIST000050',NULL,NULL,NULL,'2018-07-18 11:58:45','2018-07-21','TIE0000005','MPE0000004',NULL),('PED0000034','CLI0000031',NULL,'2018-07-16 11:58:44',56644,'2018-07-16 11:58:44',12311,'2018-07-17','Av. de la Marina 2500','DIST000035',NULL,NULL,NULL,'2018-07-18 11:58:45','2018-07-21','TIE0000004','MPE0000006',NULL),('PED0000035','CLI0000032',NULL,'2018-07-16 11:58:44',84783,'2018-07-16 11:58:44',85849,'2018-07-21','Ignacio Mariategui 105','DIST000003',NULL,NULL,NULL,NULL,NULL,NULL,NULL,NULL),('PED0000036','CLI0000033',NULL,'2018-07-16 11:58:44',85949,'2018-07-16 11:58:44',96857,'2018-07-21','Av. Antonio José de Sucre 175','DIST000019',NULL,NULL,NULL,NULL,NULL,NULL,NULL,NULL),('PED0000037','CLI0000034',NULL,'2018-07-16 11:58:44',83884,'2018-07-16 11:58:44',48839,'2018-07-21','Av. Universitaria 1921','DIST000023',NULL,NULL,NULL,NULL,NULL,NULL,NULL,NULL),('PED0000038','CLI0000035',NULL,'2018-07-16 11:58:44',99578,'2018-07-16 11:58:44',49502,'2018-07-21','Av. Gral. Salaverry 2370','DIST000012',NULL,NULL,NULL,NULL,NULL,NULL,NULL,NULL),('PED0000039','CLI0000036',NULL,'2018-07-16 11:58:44',64657,'2018-07-16 11:58:44',32636,'2018-07-21','Av. Las Leyendas 580','DIST000035',NULL,NULL,NULL,NULL,NULL,NULL,NULL,NULL);
INSERT INTO `tb_detalle_pedido` VALUES ('PED0000001','SKU123024-7',1,NULL,NULL,NULL,'BOD0000001'),('PED0000001','SKU186193-X',1,NULL,NULL,NULL,'BOD0000001'),('PED0000001','SKU204759-4',1,NULL,NULL,NULL,'BOD0000001'),('PED0000002','SKU263525-9',2,NULL,NULL,NULL,'BOD0000001'),('PED0000003','SKU243076-2',3,NULL,NULL,NULL,'BOD0000001'),('PED0000003','SKU247198-1',1,NULL,NULL,NULL,'BOD0000001'),('PED0000004','SKU204759-4',2,NULL,NULL,NULL,'BOD0000001'),('PED0000005','SKU204759-4',3,NULL,NULL,NULL,'BOD0000001'),('PED0000005','SKU205201-6',2,NULL,NULL,NULL,'BOD0000001'),('PED0000006','SKU224538-8',1,NULL,NULL,NULL,'BOD0000001'),('PED0000006','SKU226800-0',1,NULL,NULL,NULL,'BOD0000001'),('PED0000006','SKU228298-4',5,NULL,NULL,NULL,'BOD0000001'),('PED0000007','SKU254078-9',1,NULL,NULL,NULL,'BOD0000001'),('PED0000007','SKU260978-9',3,NULL,NULL,NULL,'BOD0000001'),('PED0000008','SKU186193-X',1,NULL,NULL,NULL,'BOD0000001'),('PED0000009','SKU204759-4',3,NULL,NULL,NULL,'BOD0000001'),('PED0000010','SKU263525-9',1,NULL,NULL,NULL,'BOD0000001'),('PED0000010','SKU8285-6',5,NULL,NULL,NULL,'BOD0000001'),('PED0000011','SKU135154-0',1,NULL,NULL,NULL,'BOD0000001'),('PED0000011','SKU224538-8',2,NULL,NULL,NULL,'BOD0000001'),('PED0000012','SKU184460-1',1,NULL,NULL,NULL,'BOD0000001'),('PED0000013','SKU234330-4',1,NULL,NULL,NULL,'BOD0000001'),('PED0000013','SKU247198-1',1,NULL,NULL,NULL,'BOD0000001'),('PED0000013','SKU254078-9',1,NULL,NULL,NULL,'BOD0000001'),('PED0000013','SKU267241-3',1,NULL,NULL,NULL,'BOD0000001'),('PED0000014','SKU123024-7',1,NULL,NULL,NULL,'BOD0000001'),('PED0000015','SKU205201-6',3,NULL,NULL,NULL,'BOD0000001'),('PED0000016','SKU228298-4',8,NULL,NULL,NULL,'BOD0000001'),('PED0000016','SKU243076-2',1,NULL,NULL,NULL,'BOD0000001'),('PED0000017','SKU184460-1',1,NULL,NULL,NULL,'BOD0000001'),('PED0000017','SKU186193-X',1,NULL,NULL,NULL,'BOD0000001'),('PED0000018','SKU247198-1',20,NULL,NULL,NULL,'BOD0000001'),('PED0000019','SKU263525-9',10,NULL,NULL,NULL,'BOD0000001'),('PED0000020','SKU135154-0',1,NULL,NULL,NULL,'BOD0000001'),('PED0000021','SKU247198-1',1,NULL,NULL,NULL,'BOD0000001'),('PED0000022','SKU264890-3',2,NULL,NULL,NULL,'BOD0000001'),('PED0000023','SKU263525-9',1,1,'No enciende',NULL,'BOD0000001'),('PED0000024','SKU234330-4',2,1,'Tiene una abolladura',NULL,'BOD0000001'),('PED0000025','SKU243076-2',3,NULL,NULL,NULL,'BOD0000001'),('PED0000026','SKU254078-9',2,NULL,NULL,NULL,'BOD0000001'),('PED0000027','SKU254274-9',1,NULL,NULL,NULL,'BOD0000001'),('PED0000028','SKU226800-0',2,NULL,NULL,NULL,'BOD0000001'),('PED0000029','SKU267241-3',3,NULL,NULL,NULL,'BOD0000001'),('PED0000030','SKU224538-8',2,NULL,NULL,NULL,'BOD0000001'),('PED0000031','SKU135154-0',1,NULL,'Tiene una abolladura',NULL,'BOD0000001'),('PED0000032','SKU263525-9',1,NULL,'No enciende',NULL,'BOD0000001'),('PED0000033','SKU226800-0',1,NULL,NULL,NULL,'BOD0000001'),('PED0000034','SKU205201-6',1,1,'Esta raspado',NULL,'BOD0000001'),('PED0000035','SKU234330-4',1,NULL,NULL,NULL,'NOD0000002'),('PED0000036','SKU247198-1',1,NULL,NULL,NULL,'NOD0000002'),('PED0000037','SKU260978-9',1,NULL,NULL,NULL,'NOD0000002'),('PED0000038','SKU267241-3',2,NULL,NULL,NULL,'NOD0000002'),('PED0000039','SKU264890-3',1,NULL,NULL,NULL,'NOD0000002');
INSERT INTO `tb_kardex` VALUES ('BOD0000001','SKU123024-7',80,120,'2018-07-27 10:00:00'),('BOD0000001','SKU135154-0',100,300,'2018-07-27 10:00:00'),('BOD0000001','SKU157217-2',70,80,'2018-07-27 10:00:00'),('BOD0000001','SKU184460-1',30,28,'2018-07-27 10:00:00'),('BOD0000001','SKU186193-X',120,200,'2018-07-27 10:00:00'),('BOD0000001','SKU204759-4',200,170,'2018-07-27 10:00:00'),('BOD0000001','SKU205201-6',120,300,'2018-07-27 10:00:00'),('BOD0000001','SKU221909-3',35,0,'2018-07-27 10:00:00'),('BOD0000001','SKU224538-8',50,130,'2018-07-27 10:00:00'),('BOD0000001','SKU226800-0',34,50,'2018-07-27 10:00:00'),('BOD0000001','SKU228298-4',56,20,'2018-07-27 10:00:00'),('BOD0000001','SKU234330-4',15,0,'2018-07-27 10:00:00'),('BOD0000001','SKU243076-2',45,0,'2018-07-27 10:00:00'),('BOD0000001','SKU247198-1',100,200,'2018-07-27 10:00:00'),('BOD0000001','SKU254078-9',150,400,'2018-07-27 10:00:00'),('BOD0000001','SKU254274-9',95,130,'2018-07-27 10:00:00'),('BOD0000001','SKU260978-9',130,180,'2018-07-27 10:00:00'),('BOD0000001','SKU263525-9',240,400,'2018-07-27 10:00:00'),('BOD0000001','SKU264890-3',300,500,'2018-07-27 10:00:00'),('BOD0000001','SKU267241-3',210,210,'2018-07-27 10:00:00'),('BOD0000001','SKU8285-6',190,190,'2018-07-27 10:00:00'),('NOD0000002','SKU123024-7',80,120,'2018-07-27 10:00:00'),('NOD0000002','SKU135154-0',100,300,'2018-07-27 10:00:00'),('NOD0000002','SKU157217-2',70,80,'2018-07-27 10:00:00'),('NOD0000002','SKU184460-1',30,28,'2018-07-27 10:00:00'),('NOD0000002','SKU186193-X',120,200,'2018-07-27 10:00:00'),('NOD0000002','SKU204759-4',200,170,'2018-07-27 10:00:00'),('NOD0000002','SKU205201-6',120,300,'2018-07-27 10:00:00'),('NOD0000002','SKU221909-3',35,0,'2018-07-27 10:00:00'),('NOD0000002','SKU224538-8',50,130,'2018-07-27 10:00:00'),('NOD0000002','SKU226800-0',34,50,'2018-07-27 10:00:00'),('NOD0000002','SKU228298-4',56,20,'2018-07-27 10:00:00'),('NOD0000002','SKU234330-4',15,0,'2018-07-27 10:00:00'),('NOD0000002','SKU243076-2',45,0,'2018-07-27 10:00:00'),('NOD0000002','SKU247198-1',100,200,'2018-07-27 10:00:00'),('NOD0000002','SKU254078-9',150,400,'2018-07-27 10:00:00'),('NOD0000002','SKU254274-9',95,130,'2018-07-27 10:00:00'),('NOD0000002','SKU260978-9',130,180,'2018-07-27 10:00:00'),('NOD0000002','SKU263525-9',240,400,'2018-07-27 10:00:00'),('NOD0000002','SKU264890-3',300,500,'2018-07-27 10:00:00'),('NOD0000002','SKU267241-3',210,210,'2018-07-27 10:00:00'),('NOD0000002','SKU8285-6',190,190,'2018-07-27 10:00:00');

UPDATE bd_gesateped.tb_pedido p
SET p.fec_sol_ped = DATE_ADD(NOW(), INTERVAL -4 DAY),
    p.fec_vent_ped = DATE_ADD(NOW(), INTERVAL -4 DAY)
WHERE p.cod_ped LIKE 'PED%';

UPDATE bd_gesateped.tb_pedido p
SET p.fec_desp_ped = DATE_ADD(CURDATE(), INTERVAL 1 DAY)
WHERE p.cod_ped IN (
  'PED0000001',
  'PED0000002',
  'PED0000003',
  'PED0000004',
  'PED0000005',
  'PED0000006',
  'PED0000007',
  'PED0000008',
  'PED0000009',
  'PED0000010',
  'PED0000011',
  'PED0000012',
  'PED0000013',
  'PED0000014',
  'PED0000015',
  'PED0000016',
  'PED0000017',
  'PED0000018',
  'PED0000019',
  'PED0000020',
  'PED0000025',
  'PED0000026',
  'PED0000027',
  'PED0000028',
  'PED0000035',
  'PED0000036',
  'PED0000037',
  'PED0000038',
  'PED0000039');

UPDATE bd_gesateped.tb_pedido p
SET p.fec_desp_ped = DATE_ADD(CURDATE(), INTERVAL -3 DAY)
WHERE p.cod_ped IN (
  'PED0000021',
  'PED0000022',
  'PED0000023',
  'PED0000024',
  'PED0000029',
  'PED0000030',
  'PED0000031',
  'PED0000032',
  'PED0000033',
  'PED0000034');

UPDATE bd_gesateped.tb_pedido p
SET p.fec_ret_tiend = DATE_ADD(CURDATE(), INTERVAL 2 DAY)
WHERE p.cod_ped IN (
  'PED0000016',
  'PED0000017');

UPDATE bd_gesateped.tb_pedido p
SET p.fec_repro_ped = DATE_ADD(CURDATE(), INTERVAL 1 DAY)
WHERE p.cod_ped IN (
  'PED0000021',
  'PED0000022',
  'PED0000023',
  'PED0000024');

UPDATE bd_gesateped.tb_pedido p
SET p.fec_repro_ped = DATE_ADD(CURDATE(), INTERVAL 4 DAY)
WHERE p.cod_ped IN (
  'PED0000025',
  'PED0000026');

UPDATE bd_gesateped.tb_pedido p
SET p.fec_canc_ped = DATE_ADD(NOW(), INTERVAL -2 DAY)
WHERE p.cod_ped IN (
  'PED0000027',
  'PED0000028',
  'PED0000029',
  'PED0000030',
  'PED0000031',
  'PED0000032',
  'PED0000033',
  'PED0000034');

UPDATE bd_gesateped.tb_pedido p
SET p.fec_devo_ped = DATE_ADD(CURDATE(), INTERVAL 1 DAY)
WHERE p.cod_ped IN (
  'PED0000023',
  'PED0000024',
  'PED0000029',
  'PED0000030',
  'PED0000031',
  'PED0000032',
  'PED0000033',
  'PED0000034');

COMMIT;